{
  "train_losses": [
    0.0006251639595439383,
    0.0006012340227054751,
    0.0005765559667823461,
    0.0005623167744309917,
    0.0005530158616553988,
    0.0005470401621257172,
    0.0005419263393978195,
    0.0005369022677946843,
    0.000532704068217025,
    0.0005285587490729038,
    0.0005245864564354721,
    0.0005218101421474299,
    0.0005194873380299957,
    0.0005174740848921081,
    0.0005146682603129851,
    0.0005345458716976267,
    0.0005196181952982912,
    0.0005618838717145285,
    0.0005121429118497943,
    0.0005092411465607664
  ],
  "val_losses": [
    0.0005794095552427932,
    0.0005238542832401112,
    0.0005078750747224188,
    0.0004692828305800364,
    0.00046684876432168907,
    0.00046217216158182844,
    0.0004905166844554841,
    0.0004937210449317565,
    0.00046372533038031074,
    0.0004469113262684217,
    0.00044376359340376353,
    0.00044665722757923464,
    0.00045175397769734804,
    0.00044447493243062776,
    0.00045030284982608887,
    0.00044561294441498243,
    0.0004493532592780561,
    0.0004438398503889607,
    0.00044334615941813804,
    0.00045405984401842306
  ],
  "test_loss": 0.00035243902415865063,
  "num_epochs": 20,
  "batch_size": 128,
  "learning_rate": 0.001,
  "hidden_size": 50,
  "sequence_length": 24
}